
Use Safar_app

INSERT INTO tbl_User
(user_id, full_name, email, phone, password_hash, gender, cnic, profile_picture, is_active, created_at, current_city)
VALUES
-- Lahore Users (1-15)
(1, 'Ali Raza', 'ali.raza@safar.pk', '03001234567', 'hash_ali_raza', 'M', '35201-1234567-1', NULL, 1, '2026-01-15 08:00:00', 'Lahore'),
(2, 'Ayesha Khan', 'ayesha.khan@safar.pk', '03002345678', 'hash_ayesha_khan', 'F', '35202-2345678-2', NULL, 1, '2026-01-20 09:15:00', 'Lahore'),
(3, 'Muhammad Hassan', 'hassan.muhammad@safar.pk', '03003456789', 'hash_hassan_m', 'M', '35203-3456789-3', NULL, 1, '2026-02-05 10:30:00', 'Lahore'),
(4, 'Fatima Noor', 'fatima.noor@safar.pk', '03004567890', 'hash_fatima_noor', 'F', '35204-4567890-4', NULL, 1, '2026-02-12 11:45:00', 'Lahore'),
(5, 'Ahmed Khan', 'ahmed.khan@safar.pk', '03005678901', 'hash_ahmed_khan', 'M', '35205-5678901-5', NULL, 1, '2026-02-18 12:00:00', 'Lahore'),
(6, 'Hira Butt', 'hira.butt@safar.pk', '03006789012', 'hash_hira_butt', 'F', '35206-6789012-6', NULL, 1, '2026-03-01 13:15:00', 'Lahore'),
(7, 'Bilal Ahmed', 'bilal.ahmed@safar.pk', '03007890123', 'hash_bilal_ahmed', 'M', '35207-7890123-7', NULL, 1, '2026-03-05 14:30:00', 'Lahore'),
(8, 'Zainab Ali', 'zainab.ali@safar.pk', '03008901234', 'hash_zainab_ali', 'F', '35208-8901234-8', NULL, 1, '2026-03-10 15:45:00', 'Lahore'),
(9, 'Usman Tariq', 'usman.tariq@safar.pk', '03009012345', 'hash_usman_tariq', 'M', '35209-9012345-9', NULL, 1, '2026-03-15 16:00:00', 'Lahore'),
(10, 'Saira Khan', 'saira.khan@safar.pk', '03010123456', 'hash_saira_khan', 'F', '35210-0123456-0', NULL, 0, '2026-03-20 17:15:00', 'Lahore'),
(11, 'Hamza Sheikh', 'hamza.sheikh@safar.pk', '03011234567', 'hash_hamza_sheikh', 'M', '35211-1234567-1', NULL, 1, '2026-03-25 18:30:00', 'Lahore'),
(12, 'Amina Malik', 'amina.malik@safar.pk', '03012345678', 'hash_amina_malik', 'F', '35212-2345678-2', NULL, 1, '2026-04-01 08:00:00', 'Lahore'),
(13, 'Faisal Hussain', 'faisal.hussain@safar.pk', '03013456789', 'hash_faisal_h', 'M', '35213-3456789-3', NULL, 1, '2026-04-05 09:15:00', 'Lahore'),
(14, 'Nida Khan', 'nida.khan@safar.pk', '03014567890', 'hash_nida_khan', 'F', '35214-4567890-4', NULL, 1, '2026-04-10 10:30:00', 'Lahore'),
(15, 'Rashid Ali', 'rashid.ali@safar.pk', '03015678901', 'hash_rashid_ali', 'M', '35215-5678901-5', NULL, 1, '2026-04-15 11:45:00', 'Lahore'),

-- Karachi Users (16-30)
(16, 'Zain Malik', 'zain.malik@safar.pk', '03016789012', 'hash_zain_malik', 'M', '42201-6789012-6', NULL, 1, '2026-01-18 08:30:00', 'Karachi'),
(17, 'Sana Ahmed', 'sana.ahmed@safar.pk', '03017890123', 'hash_sana_ahmed', 'F', '42202-7890123-7', NULL, 1, '2026-01-25 09:45:00', 'Karachi'),
(18, 'Adnan Rashid', 'adnan.rashid@safar.pk', '03018901234', 'hash_adnan_rashid', 'M', '42203-8901234-8', NULL, 1, '2026-02-08 10:15:00', 'Karachi'),
(19, 'Iqra Malik', 'iqra.malik@safar.pk', '03019012345', 'hash_iqra_malik', 'F', '42204-9012345-9', NULL, 1, '2026-02-14 11:30:00', 'Karachi'),
(20, 'Kamran Khan', 'kamran.khan@safar.pk', '03020123456', 'hash_kamran_khan', 'M', '42205-0123456-0', NULL, 1, '2026-02-20 12:45:00', 'Karachi'),
(21, 'Laila Ahmed', 'laila.ahmed@safar.pk', '03021234567', 'hash_laila_ahmed', 'F', '42206-1234567-1', NULL, 1, '2026-03-02 13:00:00', 'Karachi'),
(22, 'Mustafa Khan', 'mustafa.khan@safar.pk', '03022345678', 'hash_mustafa_khan', 'M', '42207-2345678-2', NULL, 1, '2026-03-08 14:15:00', 'Karachi'),
(23, 'Yasmin Ali', 'yasmin.ali@safar.pk', '03023456789', 'hash_yasmin_ali', 'F', '42208-3456789-3', NULL, 1, '2026-03-12 15:30:00', 'Karachi'),
(24, 'Khalid Hussain', 'khalid.hussain@safar.pk', '03024567890', 'hash_khalid_h', 'M', '42209-4567890-4', NULL, 0, '2026-03-18 16:45:00', 'Karachi'),
(25, 'Maryam Khan', 'maryam.khan@safar.pk', '03025678901', 'hash_maryam_khan', 'F', '42210-5678901-5', NULL, 1, '2026-03-22 17:00:00', 'Karachi'),
(26, 'Nadir Ali', 'nadir.ali@safar.pk', '03026789012', 'hash_nadir_ali', 'M', '42211-6789012-6', NULL, 1, '2026-03-28 18:15:00', 'Karachi'),
(27, 'Rania Ahmed', 'rania.ahmed@safar.pk', '03027890123', 'hash_rania_ahmed', 'F', '42212-7890123-7', NULL, 1, '2026-04-02 08:30:00', 'Karachi'),
(28, 'Saad Khan', 'saad.khan@safar.pk', '03028901234', 'hash_saad_khan', 'M', '42213-8901234-8', NULL, 1, '2026-04-08 09:45:00', 'Karachi'),
(29, 'Talha Rashid', 'talha.rashid@safar.pk', '03029012345', 'hash_talha_rashid', 'M', '42214-9012345-9', NULL, 1, '2026-04-12 11:00:00', 'Karachi'),
(30, 'Vania Khan', 'vania.khan@safar.pk', '03030123456', 'hash_vania_khan', 'F', '42215-0123456-0', NULL, 1, '2026-04-18 12:15:00', 'Karachi'),

-- Islamabad Users (31-40)
(31, 'Farhan Ahmed', 'farhan.ahmed@safar.pk', '03031234567', 'hash_farhan_ahmed', 'M', '61201-1234567-1', NULL, 1, '2026-01-22 08:15:00', 'Islamabad'),
(32, 'Gina Khan', 'gina.khan@safar.pk', '03032345678', 'hash_gina_khan', 'F', '61202-2345678-2', NULL, 1, '2026-01-28 09:30:00', 'Islamabad'),
(33, 'Imran Ali', 'imran.ali@safar.pk', '03033456789', 'hash_imran_ali', 'M', '61203-3456789-3', NULL, 1, '2026-02-10 10:45:00', 'Islamabad'),
(34, 'Jiya Ahmed', 'jiya.ahmed@safar.pk', '03034567890', 'hash_jiya_ahmed', 'F', '61204-4567890-4', NULL, 1, '2026-02-16 11:00:00', 'Islamabad'),
(35, 'Karim Khan', 'karim.khan@safar.pk', '03035678901', 'hash_karim_khan', 'M', '61205-5678901-5', NULL, 1, '2026-02-22 12:15:00', 'Islamabad'),
(36, 'Leila Ali', 'leila.ali@safar.pk', '03036789012', 'hash_leila_ali', 'F', '61206-6789012-6', NULL, 1, '2026-03-04 13:30:00', 'Islamabad'),
(37, 'Nasir Hussain', 'nasir.hussain@safar.pk', '03037890123', 'hash_nasir_h', 'M', '61207-7890123-7', NULL, 0, '2026-03-10 14:45:00', 'Islamabad'),
(38, 'Oma Khan', 'oma.khan@safar.pk', '03038901234', 'hash_oma_khan', 'F', '61208-8901234-8', NULL, 1, '2026-03-16 16:00:00', 'Islamabad'),
(39, 'Parvez Ali', 'parvez.ali@safar.pk', '03039012345', 'hash_parvez_ali', 'M', '61209-9012345-9', NULL, 1, '2026-03-24 17:15:00', 'Islamabad'),
(40, 'Qissa Khan', 'qissa.khan@safar.pk', '03040123456', 'hash_qissa_khan', 'F', '61210-0123456-0', NULL, 1, '2026-03-30 18:30:00', 'Islamabad'),

-- Faisalabad Users (41-50)
(41, 'Rizwan Ahmed', 'rizwan.ahmed@safar.pk', '03041234567', 'hash_rizwan_ahmed', 'M', '38201-1234567-1', NULL, 1, '2026-01-25 08:45:00', 'Faisalabad'),
(42, 'Samina Khan', 'samina.khan@safar.pk', '03042345678', 'hash_samina_khan', 'F', '38202-2345678-2', NULL, 1, '2026-02-01 10:00:00', 'Faisalabad'),
(43, 'Tariq Ali', 'tariq.ali@safar.pk', '03043456789', 'hash_tariq_ali', 'M', '38203-3456789-3', NULL, 1, '2026-02-12 11:15:00', 'Faisalabad'),
(44, 'Umm Ahmed', 'umm.ahmed@safar.pk', '03044567890', 'hash_umm_ahmed', 'F', '38204-4567890-4', NULL, 1, '2026-02-18 12:30:00', 'Faisalabad'),
(45, 'Vaqar Khan', 'vaqar.khan@safar.pk', '03045678901', 'hash_vaqar_khan', 'M', '38205-5678901-5', NULL, 1, '2026-02-24 13:45:00', 'Faisalabad'),
(46, 'Wafa Ali', 'wafa.ali@safar.pk', '03046789012', 'hash_wafa_ali', 'F', '38206-6789012-6', NULL, 1, '2026-03-06 15:00:00', 'Faisalabad'),
(47, 'Xander Ahmed', 'xander.ahmed@safar.pk', '03047890123', 'hash_xander_ahmed', 'M', '38207-7890123-7', NULL, 1, '2026-03-14 16:15:00', 'Faisalabad'),
(48, 'Yasira Khan', 'yasira.khan@safar.pk', '03048901234', 'hash_yasira_khan', 'F', '38208-8901234-8', NULL, 1, '2026-03-20 17:30:00', 'Faisalabad'),
(49, 'Zafar Ali', 'zafar.ali@safar.pk', '03049012345', 'hash_zafar_ali', 'M', '38209-9012345-9', NULL, 0, '2026-03-26 18:45:00', 'Faisalabad'),
(50, 'Zeina Khan', 'zeina.khan@safar.pk', '03050123456', 'hash_zeina_khan', 'F', '38210-0123456-0', NULL, 1, '2026-04-02 08:00:00', 'Faisalabad'),

-- Multan & Peshawar Users (51-55)
(51, 'Adil Malik', 'adil.malik@safar.pk', '03051234567', 'hash_adil_malik', 'M', '54301-1234567-1', NULL, 1, '2026-01-30 09:00:00', 'Multan'),
(52, 'Bushra Ahmed', 'bushra.ahmed@safar.pk', '03052345678', 'hash_bushra_ahmed', 'F', '54302-2345678-2', NULL, 1, '2026-02-05 10:15:00', 'Multan'),
(53, 'Chaudhry Khan', 'chaudhry.khan@safar.pk', '03053456789', 'hash_chaudhry_khan', 'M', '54303-3456789-3', NULL, 1, '2026-02-15 11:30:00', 'Multan'),
(54, 'Diana Ali', 'diana.ali@safar.pk', '03054567890', 'hash_diana_ali', 'F', '54304-4567890-4', NULL, 1, '2026-02-28 13:45:00', 'Multan'),
(55, 'Emir Khan', 'emir.khan@safar.pk', '03055678901', 'hash_emir_khan', 'M', '54305-5678901-5', NULL, 1, '2026-03-12 15:00:00', 'Peshawar');


-- ============================================================================
-- STEP 3: INSERT CUSTOMERS (30 users out of 55)
-- ============================================================================

INSERT INTO tbl_Customer
(customer_id, user_id, default_payment_mode)
VALUES
(1, 1, 'cash'),
(2, 2, 'card'),
(3, 4, 'wallet'),
(4, 6, 'cash'),
(5, 8, 'card'),
(6, 10, 'wallet'),
(7, 12, 'cash'),
(8, 14, 'card'),
(9, 16, 'wallet'),
(10, 17, 'cash'),
(11, 19, 'card'),
(12, 21, 'wallet'),
(13, 23, 'cash'),
(14, 25, 'card'),
(15, 27, 'wallet'),
(16, 29, 'cash'),
(17, 31, 'card'),
(18, 32, 'wallet'),
(19, 34, 'cash'),
(20, 36, 'card'),
(21, 38, 'wallet'),
(22, 40, 'cash'),
(23, 41, 'card'),
(24, 43, 'wallet'),
(25, 45, 'cash'),
(26, 47, 'card'),
(27, 49, 'wallet'),
(28, 51, 'cash'),
(29, 52, 'card'),
(30, 54, 'wallet');


-- ============================================================================
-- STEP 4: INSERT DRIVERS (15 users out of 55)
-- ============================================================================

INSERT INTO tbl_Driver
(driver_id, user_id, license_number, license_expiry, verified, joining_date, total_rides_completed)
VALUES
(1, 3, 'DL-LAH-001', '2027-12-31', 1, '2023-06-01', 125),
(2, 5, 'DL-LAH-002', '2028-01-15', 1, '2023-08-15', 98),
(3, 7, 'DL-LAH-003', '2029-03-20', 1, '2024-01-10', 65),
(4, 9, 'DL-LAH-004', '2027-06-30', 0, '2024-06-15', 45),
(5, 11, 'DL-LAH-005', '2028-09-10', 1, '2023-09-01', 110),
(6, 13, 'DL-LAH-006', '2026-12-15', 1, '2023-11-20', 88),
(7, 15, 'DL-LAH-007', '2028-04-25', 1, '2024-02-10', 52),
(8, 18, 'DL-KAR-001', '2027-08-30', 1, '2023-07-05', 135),
(9, 20, 'DL-KAR-002', '2028-05-15', 0, '2024-03-12', 73),
(10, 22, 'DL-KAR-003', '2029-01-20', 1, '2023-12-08', 105),
(11, 24, 'DL-KAR-004', '2027-11-10', 1, '2024-04-18', 68),
(12, 26, 'DL-KAR-005', '2028-07-22', 1, '2023-10-30', 92),
(13, 28, 'DL-KAR-006', '2027-03-15', 1, '2024-05-12', 55),
(14, 33, 'DL-ISB-001', '2028-10-05', 1, '2023-08-20', 118),
(15, 35, 'DL-ISB-002', '2027-09-28', 1, '2024-01-25', 76);


-- ============================================================================
-- STEP 5: INSERT ADMIN
-- ============================================================================

INSERT INTO tbl_Admin
(user_id, role, last_login)
VALUES
(37, 'super', GETDATE()),
(39, 'mod', GETDATE()),
(53, 'finance', GETDATE());


-- ============================================================================
-- STEP 6: INSERT LOCATIONS (20+ locations across 5 cities)
-- ============================================================================

INSERT INTO tbl_Location
(location_id, latitude, longitude, address_label, area, city)
VALUES
-- Lahore Locations (1-5)
(1, 31.5204, 74.3587, 'Model Town Gate', 'Model Town', 'Lahore'),
(2, 31.4697, 74.2728, 'Johar Town Office', 'Johar Town', 'Lahore'),
(3, 31.5461, 74.3432, 'Gulberg Mall', 'Gulberg III', 'Lahore'),
(4, 31.5269, 74.3843, 'DHA Main Gate', 'DHA Phase 5', 'Lahore'),
(5, 31.4767, 74.2250, 'Racecourse Park', 'Racecourse', 'Lahore'),
-- Karachi Locations (6-10)
(6, 24.8607, 67.0011, 'Clifton Mall', 'Clifton', 'Karachi'),
(7, 24.7729, 67.0644, 'Gulshan Park', 'Gulshan', 'Karachi'),
(8, 24.9200, 67.0500, 'Defence Market', 'Defence', 'Karachi'),
(9, 24.8500, 67.0200, 'Sea View Beach', 'Sea View', 'Karachi'),
(10, 24.9700, 67.1000, 'PECHS Road', 'PECHS', 'Karachi'),
-- Islamabad Locations (11-15)
(11, 33.6844, 73.0479, 'F-10 Markaz', 'F-10', 'Islamabad'),
(12, 33.7139, 73.1721, 'Blue Area Tower', 'Blue Area', 'Islamabad'),
(13, 33.5891, 73.2029, 'Aabpara Market', 'Aabpara', 'Islamabad'),
(14, 33.7890, 73.0456, 'Sector G-10', 'G-10', 'Islamabad'),
(15, 33.6245, 73.0932, 'Civic Centre', 'Civic Centre', 'Islamabad'),
-- Faisalabad Locations (16-18)
(16, 31.4180, 73.0791, 'D Ground Market', 'D Ground', 'Faisalabad'),
(17, 31.4280, 72.9956, 'Clock Tower', 'City Centre', 'Faisalabad'),
(18, 31.5082, 73.1370, 'Ghazni Street', 'Ghazni Street', 'Faisalabad'),
-- Multan & Peshawar Locations (19-20)
(19, 30.1937, 71.4503, 'Benazir Park', 'City Centre', 'Multan'),
(20, 34.0151, 71.5789, 'Peshawar Cantt', 'Cantonment', 'Peshawar');


-- ============================================================================
-- STEP 7: INSERT VEHICLES (25 vehicles for 15 drivers)
-- ============================================================================

INSERT INTO tbl_Vehicle
(vehicle_id, driver_id, manufacturer, model, color, registration_number, type, seating_capacity, registration_expiry, insurance_expiry)
VALUES
(1, 1, 'Toyota', 'Corolla', 'White', 'LHR-001', 'car', 4, '2027-06-15', '2026-08-20'),
(2, 1, 'Honda', 'Civic', 'Black', 'LHR-002', 'car', 4, '2028-03-10', '2026-11-05'),
(3, 2, 'Suzuki', 'Alto', 'Silver', 'LHR-003', 'car', 4, '2027-09-22', '2027-02-14'),
(4, 2, 'Suzuki', 'Mehran', 'Blue', 'LHR-004', 'car', 4, '2026-12-31', '2026-07-30'),
(5, 3, 'Yamaha', 'YBR', 'Red', 'LHR-005', 'bike', 2, '2027-04-18', '2026-09-12'),
(6, 4, 'Honda', 'City', 'Grey', 'LHR-006', 'car', 4, '2028-01-25', '2027-03-08'),
(7, 4, 'Toyota', 'Yaris', 'White', 'LHR-007', 'car', 4, '2027-11-30', '2026-12-15'),
(8, 5, 'Honda', 'CD-70', 'Black', 'LHR-008', 'bike', 2, '2027-05-10', '2026-10-20'),
(9, 5, 'Daihatsu', 'Mira', 'Green', 'LHR-009', 'car', 4, '2026-08-15', '2026-06-30'),
(10, 6, 'Hyundai', 'Grand i10', 'Red', 'LHR-010', 'car', 4, '2027-07-20', '2026-09-10'),
(11, 6, 'Yamaha', 'YZF', 'Blue', 'LHR-011', 'bike', 2, '2027-03-15', '2026-11-25'),
(12, 7, 'Kia', 'Picanto', 'Yellow', 'LHR-012', 'car', 4, '2027-02-28', '2026-05-18'),
(13, 8, 'Toyota', 'Corolla', 'White', 'KAR-001', 'car', 4, '2028-04-10', '2027-01-30'),
(14, 8, 'Honda', 'Civic', 'Silver', 'KAR-002', 'car', 4, '2027-08-22', '2026-12-05'),
(15, 9, 'Suzuki', 'Mehran', 'Green', 'KAR-003', 'car', 4, '2026-10-31', '2026-08-15'),
(16, 9, 'Yamaha', 'YBR', 'Black', 'KAR-004', 'bike', 2, '2027-06-20', '2026-09-30'),
(17, 10, 'Honda', 'City', 'Blue', 'KAR-005', 'car', 4, '2028-02-15', '2027-04-20'),
(18, 10, 'Daihatsu', 'Mira', 'Red', 'KAR-006', 'car', 4, '2027-09-10', '2026-11-18'),
(19, 11, 'Kia', 'Picanto', 'White', 'KAR-007', 'car', 4, '2026-11-25', '2026-06-10'),
(20, 11, 'Honda', 'CD-70', 'Silver', 'KAR-008', 'bike', 2, '2027-07-15', '2026-10-25'),
(21, 12, 'Hyundai', 'Grand i10', 'Black', 'KAR-009', 'car', 4, '2028-03-20', '2027-02-10'),
(22, 13, 'Toyota', 'Yaris', 'Grey', 'KAR-010', 'car', 4, '2027-05-30', '2026-08-25'),
(23, 14, 'Honda', 'Civic', 'White', 'ISB-001', 'car', 4, '2028-01-10', '2026-12-20'),
(24, 14, 'Yamaha', 'YZF', 'Red', 'ISB-002', 'bike', 2, '2027-04-15', '2026-09-05'),
(25, 15, 'Suzuki', 'Alto', 'Blue', 'ISB-003', 'car', 4, '2026-09-20', '2026-07-10');


-- ============================================================================
-- STEP 8: INSERT TRIPS (40 trips with mix of statuses)
-- ============================================================================

INSERT INTO tbl_Trip
(trip_id, customer_id, driver_id, vehicle_id, pickup_location_id, dropoff_location_id, distance_covered, fare_amount, trip_status, request_time, start_time, end_time)
VALUES
-- Completed trips (24)
(1, 1, 1, 1, 1, 2, 10.5, 500, 'completed', '2026-01-15 08:00:00', '2026-01-15 08:05:00', '2026-01-15 08:32:00'),
(2, 2, 2, 3, 3, 4, 8.2, 400, 'completed', '2026-01-20 09:15:00', '2026-01-20 09:18:00', '2026-01-20 09:44:00'),
(3, 3, 1, 2, 2, 1, 12.7, 600, 'completed', '2026-02-05 11:00:00', '2026-02-05 11:04:00', '2026-02-05 11:38:00'),
(4, 4, 3, 5, 1, 3, 6.5, 350, 'completed', '2026-02-10 14:30:00', '2026-02-10 14:35:00', '2026-02-10 14:58:00'),
(5, 5, 4, 6, 4, 5, 9.1, 450, 'completed', '2026-02-15 16:00:00', '2026-02-15 16:03:00', '2026-02-15 16:30:00'),
(6, 6, 2, 4, 2, 1, 11.4, 550, 'completed', '2026-02-20 10:30:00', '2026-02-20 10:35:00', '2026-02-20 11:10:00'),
(7, 7, 5, 8, 3, 4, 7.8, 420, 'completed', '2026-02-25 13:00:00', '2026-02-25 13:04:00', '2026-02-25 13:28:00'),
(8, 8, 6, 10, 5, 2, 15.3, 700, 'completed', '2026-03-01 09:00:00', '2026-03-01 09:07:00', '2026-03-01 09:45:00'),
(9, 9, 1, 1, 1, 3, 13.2, 600, 'completed', '2026-03-05 11:15:00', '2026-03-05 11:20:00', '2026-03-05 11:56:00'),
(10, 10, 7, 12, 4, 5, 8.9, 480, 'completed', '2026-03-10 15:30:00', '2026-03-10 15:35:00', '2026-03-10 16:04:00'),
(11, 11, 8, 13, 6, 7, 12.1, 620, 'completed', '2026-03-15 08:45:00', '2026-03-15 08:50:00', '2026-03-15 09:29:00'),
(12, 12, 9, 15, 8, 9, 10.6, 520, 'completed', '2026-03-20 14:20:00', '2026-03-20 14:25:00', '2026-03-20 15:00:00'),
(13, 13, 10, 17, 7, 8, 9.3, 460, 'completed', '2026-03-25 12:00:00', '2026-03-25 12:04:00', '2026-03-25 12:32:00'),
(14, 14, 11, 19, 10, 6, 14.2, 680, 'completed', '2026-04-01 09:30:00', '2026-04-01 09:36:00', '2026-04-01 10:18:00'),
(15, 15, 12, 21, 9, 10, 11.8, 580, 'completed', '2026-04-05 16:15:00', '2026-04-05 16:20:00', '2026-04-05 16:59:00'),
(16, 16, 8, 14, 6, 7, 7.5, 380, 'completed', '2026-04-10 10:00:00', '2026-04-10 10:04:00', '2026-04-10 10:26:00'),
(17, 17, 13, 22, 8, 9, 13.5, 650, 'completed', '2026-04-15 11:45:00', '2026-04-15 11:50:00', '2026-04-15 12:35:00'),
(18, 18, 14, 23, 11, 12, 10.2, 510, 'completed', '2026-04-20 13:20:00', '2026-04-20 13:25:00', '2026-04-20 14:00:00'),
(19, 19, 15, 25, 15, 14, 9.7, 490, 'completed', '2026-04-25 15:00:00', '2026-04-25 15:05:00', '2026-04-25 15:38:00'),
(20, 20, 1, 1, 2, 3, 8.4, 430, 'completed', '2026-01-28 09:30:00', '2026-01-28 09:35:00', '2026-01-28 10:00:00'),
(21, 21, 2, 3, 4, 5, 6.7, 350, 'completed', '2026-02-08 14:00:00', '2026-02-08 14:04:00', '2026-02-08 14:24:00'),
(22, 22, 3, 5, 1, 2, 11.2, 560, 'completed', '2026-02-18 10:15:00', '2026-02-18 10:20:00', '2026-02-18 10:56:00'),
(23, 23, 4, 7, 3, 4, 7.9, 410, 'completed', '2026-03-08 12:30:00', '2026-03-08 12:35:00', '2026-03-08 13:00:00'),
(24, 24, 5, 9, 2, 1, 10.1, 520, 'completed', '2026-03-18 15:45:00', '2026-03-18 15:50:00', '2026-03-18 16:21:00'),
-- Cancelled trips (8)
(25, 1, 2, 3, 5, 6, 5.2, 300, 'cancelled', '2026-01-22 08:30:00', '2026-01-22 08:35:00', NULL),
(26, 2, 3, 5, 7, 8, 4.8, 280, 'cancelled', '2026-02-12 13:00:00', NULL, NULL),
(27, 3, 4, 6, 9, 10, 6.3, 320, 'cancelled', '2026-02-22 14:15:00', '2026-02-22 14:18:00', NULL),
(28, 4, 6, 10, 11, 12, 7.1, 380, 'cancelled', '2026-03-02 09:45:00', NULL, NULL),
(29, 5, 7, 12, 13, 14, 8.2, 420, 'cancelled', '2026-03-12 11:20:00', '2026-03-12 11:25:00', NULL),
(30, 6, 8, 13, 6, 7, 6.5, 350, 'cancelled', '2026-03-22 16:30:00', NULL, NULL),
(31, 7, 9, 15, 8, 9, 5.7, 310, 'cancelled', '2026-04-02 10:00:00', '2026-04-02 10:03:00', NULL),
(32, 8, 10, 17, 10, 11, 9.4, 480, 'cancelled', '2026-04-12 13:45:00', NULL, NULL),
-- Ongoing trips (8)
(33, 9, 1, 1, 1, 2, 0.0, 0, 'ongoing', '2026-04-28 08:00:00', '2026-04-28 08:05:00', NULL),
(34, 10, 2, 3, 3, 4, 0.0, 0, 'ongoing', '2026-04-28 09:15:00', '2026-04-28 09:18:00', NULL),
(35, 11, 3, 5, 2, 1, 0.0, 0, 'ongoing', '2026-04-28 11:00:00', '2026-04-28 11:04:00', NULL),
(36, 12, 4, 7, 4, 5, 0.0, 0, 'ongoing', '2026-04-28 14:30:00', '2026-04-28 14:35:00', NULL),
(37, 13, 5, 8, 3, 2, 0.0, 0, 'ongoing', '2026-04-28 16:00:00', '2026-04-28 16:03:00', NULL),
(38, 14, 6, 10, 1, 3, 0.0, 0, 'ongoing', '2026-04-28 10:30:00', '2026-04-28 10:35:00', NULL),
(39, 15, 7, 12, 5, 1, 0.0, 0, 'ongoing', '2026-04-28 13:00:00', '2026-04-28 13:04:00', NULL),
(40, 16, 8, 13, 2, 4, 0.0, 0, 'ongoing', '2026-04-28 15:30:00', '2026-04-28 15:35:00', NULL);


-- ============================================================================
-- STEP 9: INSERT PAYMENTS (24 payments - only for completed trips)
-- ============================================================================

INSERT INTO tbl_Payment
(payment_id, trip_id, amount, method, status, transaction_id, payment_date)
VALUES
(1, 1, 500, 'cash', 'approved', 'TXN-001', '2026-01-15 08:35:00'),
(2, 2, 400, 'card', 'approved', 'TXN-002', '2026-01-20 09:50:00'),
(3, 3, 600, 'wallet', 'approved', 'TXN-003', '2026-02-05 11:45:00'),
(4, 4, 350, 'cash', 'approved', 'TXN-004', '2026-02-10 15:05:00'),
(5, 5, 450, 'card', 'approved', 'TXN-005', '2026-02-15 16:35:00'),
(6, 6, 550, 'wallet', 'approved', 'TXN-006', '2026-02-20 11:15:00'),
(7, 7, 420, 'cash', 'approved', 'TXN-007', '2026-02-25 13:35:00'),
(8, 8, 700, 'card', 'approved', 'TXN-008', '2026-03-01 09:50:00'),
(9, 9, 600, 'wallet', 'approved', 'TXN-009', '2026-03-05 12:05:00'),
(10, 10, 480, 'cash', 'approved', 'TXN-010', '2026-03-10 16:10:00'),
(11, 11, 620, 'card', 'approved', 'TXN-011', '2026-03-15 09:40:00'),
(12, 12, 520, 'wallet', 'approved', 'TXN-012', '2026-03-20 15:10:00'),
(13, 13, 460, 'cash', 'approved', 'TXN-013', '2026-03-25 12:40:00'),
(14, 14, 680, 'card', 'approved', 'TXN-014', '2026-04-01 10:25:00'),
(15, 15, 580, 'wallet', 'approved', 'TXN-015', '2026-04-05 17:05:00'),
(16, 16, 380, 'cash', 'approved', 'TXN-016', '2026-04-10 10:35:00'),
(17, 17, 650, 'card', 'approved', 'TXN-017', '2026-04-15 12:45:00'),
(18, 18, 510, 'wallet', 'approved', 'TXN-018', '2026-04-20 14:10:00'),
(19, 19, 490, 'cash', 'approved', 'TXN-019', '2026-04-25 15:45:00'),
(20, 20, 430, 'card', 'approved', 'TXN-020', '2026-01-28 10:10:00'),
(21, 21, 350, 'wallet', 'approved', 'TXN-021', '2026-02-08 14:30:00'),
(22, 22, 560, 'cash', 'approved', 'TXN-022', '2026-02-18 11:05:00'),
(23, 23, 410, 'card', 'approved', 'TXN-023', '2026-03-08 13:15:00'),
(24, 24, 520, 'wallet', 'approved', 'TXN-024', '2026-03-18 16:35:00');


-- ============================================================================
-- STEP 10: INSERT RATINGS (24 ratings - only for completed trips)
-- ============================================================================

INSERT INTO tbl_Rating
(rating_id, trip_id, rated_by, rated_to, rating_value, comment, created_at)
VALUES
(1, 1, 1, 3, 5, 'Very punctual and smooth ride', '2026-01-15 08:40:00'),
(2, 1, 3, 1, 4, 'Good passenger, respectful', '2026-01-15 08:45:00'),
(3, 2, 2, 5, 4, 'Nice car, good driver', '2026-01-20 10:00:00'),
(4, 2, 5, 2, 5, 'Excellent customer', '2026-01-20 10:05:00'),
(5, 3, 3, 1, 5, 'Excellent experience overall', '2026-02-05 11:50:00'),
(6, 3, 1, 3, 4, 'Driver was very professional', '2026-02-05 11:55:00'),
(7, 4, 4, 2, 4, 'Quick and safe journey', '2026-02-10 15:15:00'),
(8, 4, 2, 4, 5, 'Polite and friendly customer', '2026-02-10 15:20:00'),
(9, 5, 5, 4, 5, 'Great ride experience', '2026-02-15 16:40:00'),
(10, 5, 4, 5, 4, 'Very cooperative customer', '2026-02-15 16:45:00'),
(11, 6, 6, 2, 5, 'Amazing driver, very safe', '2026-02-20 11:20:00'),
(12, 6, 2, 6, 4, 'Good passenger behavior', '2026-02-20 11:25:00'),
(13, 7, 7, 3, 4, 'Comfortable journey', '2026-02-25 13:40:00'),
(14, 7, 3, 7, 5, 'Excellent passenger', '2026-02-25 13:45:00'),
(15, 8, 8, 4, 5, 'Outstanding service', '2026-03-01 10:00:00'),
(16, 8, 4, 8, 4, 'Very professional driver', '2026-03-01 10:05:00'),
(17, 9, 9, 1, 4, 'Good ride quality', '2026-03-05 12:10:00'),
(18, 9, 1, 9, 5, 'Best driver ever', '2026-03-05 12:15:00'),
(19, 10, 10, 5, 5, 'Perfect service', '2026-03-10 16:15:00'),
(20, 10, 5, 10, 4, 'Nice customer', '2026-03-10 16:20:00'),
(21, 11, 11, 6, 4, 'Good experience', '2026-03-15 09:45:00'),
(22, 11, 6, 11, 5, 'Excellent behavior', '2026-03-15 09:50:00'),
(23, 12, 12, 7, 5, 'Amazing ride', '2026-03-20 15:15:00'),
(24, 12, 7, 12, 4, 'Great customer', '2026-03-20 15:20:00');


-- ============================================================================
-- STEP 11: INSERT COMMISSIONS (24 commissions - only for completed trips)
-- ============================================================================

INSERT INTO tbl_Commission
(commission_id, trip_id, rate_percentage, commission_amount, effective_date)
VALUES
(1, 1, 15, 75.00, '2026-01-15'),
(2, 2, 15, 60.00, '2026-01-20'),
(3, 3, 15, 90.00, '2026-02-05'),
(4, 4, 15, 52.50, '2026-02-10'),
(5, 5, 15, 67.50, '2026-02-15'),
(6, 6, 15, 82.50, '2026-02-20'),
(7, 7, 15, 63.00, '2026-02-25'),
(8, 8, 15, 105.00, '2026-03-01'),
(9, 9, 15, 90.00, '2026-03-05'),
(10, 10, 15, 72.00, '2026-03-10'),
(11, 11, 15, 93.00, '2026-03-15'),
(12, 12, 15, 78.00, '2026-03-20'),
(13, 13, 15, 69.00, '2026-03-25'),
(14, 14, 15, 102.00, '2026-04-01'),
(15, 15, 15, 87.00, '2026-04-05'),
(16, 16, 15, 57.00, '2026-04-10'),
(17, 17, 15, 97.50, '2026-04-15'),
(18, 18, 15, 76.50, '2026-04-20'),
(19, 19, 15, 73.50, '2026-04-25'),
(20, 20, 15, 64.50, '2026-01-28'),
(21, 21, 15, 52.50, '2026-02-08'),
(22, 22, 15, 84.00, '2026-02-18'),
(23, 23, 15, 61.50, '2026-03-08'),
(24, 24, 15, 78.00, '2026-03-18');


-- ============================================================================
-- STEP 12: INSERT ROUTES (24 routes - only for completed trips)
-- ============================================================================

INSERT INTO tbl_Route
(route_id, trip_id, estimated_distance, estimated_time, actual_distance, actual_time)
VALUES
(1, 1, 10.5, 22, 10.5, 27),
(2, 2, 8.0, 18, 8.2, 26),
(3, 3, 12.7, 28, 12.7, 34),
(4, 4, 6.5, 15, 6.5, 23),
(5, 5, 9.1, 20, 9.1, 27),
(6, 6, 11.4, 25, 11.4, 35),
(7, 7, 7.8, 18, 7.8, 24),
(8, 8, 15.3, 32, 15.3, 38),
(9, 9, 13.2, 28, 13.2, 36),
(10, 10, 8.9, 20, 8.9, 29),
(11, 11, 12.1, 26, 12.1, 39),
(12, 12, 10.6, 23, 10.6, 35),
(13, 13, 9.3, 20, 9.3, 28),
(14, 14, 14.2, 30, 14.2, 42),
(15, 15, 11.8, 25, 11.8, 39),
(16, 16, 7.5, 17, 7.5, 22),
(17, 17, 13.5, 29, 13.5, 45),
(18, 18, 10.2, 22, 10.2, 35),
(19, 19, 9.7, 21, 9.7, 33),
(20, 20, 8.4, 18, 8.4, 25),
(21, 21, 6.7, 15, 6.7, 20),
(22, 22, 11.2, 24, 11.2, 36),
(23, 23, 7.9, 17, 7.9, 25),
(24, 24, 10.1, 22, 10.1, 31);


-- ============================================================================
-- STEP 13: INSERT TRIP HISTORY
-- ============================================================================

INSERT INTO tbl_Trip_History
(history_id, trip_id, status_changed_to, changed_at)
VALUES
(1, 1, 'requested', '2026-01-15 08:00:00'),
(2, 1, 'accepted', '2026-01-15 08:03:00'),
(3, 1, 'ongoing', '2026-01-15 08:05:00'),
(4, 1, 'completed', '2026-01-15 08:32:00'),
(5, 2, 'requested', '2026-01-20 09:15:00'),
(6, 2, 'accepted', '2026-01-20 09:16:00'),
(7, 2, 'ongoing', '2026-01-20 09:18:00'),
(8, 2, 'completed', '2026-01-20 09:44:00'),
(9, 3, 'requested', '2026-02-05 11:00:00'),
(10, 3, 'accepted', '2026-02-05 11:02:00'),
(11, 3, 'ongoing', '2026-02-05 11:04:00'),
(12, 3, 'completed', '2026-02-05 11:38:00'),
(13, 4, 'requested', '2026-02-10 14:30:00'),
(14, 4, 'accepted', '2026-02-10 14:32:00'),
(15, 4, 'ongoing', '2026-02-10 14:35:00'),
(16, 4, 'completed', '2026-02-10 14:58:00'),
(17, 5, 'requested', '2026-02-15 16:00:00'),
(18, 5, 'accepted', '2026-02-15 16:01:00'),
(19, 5, 'ongoing', '2026-02-15 16:03:00'),
(20, 5, 'completed', '2026-02-15 16:30:00'),
(21, 6, 'requested', '2026-02-20 10:30:00'),
(22, 6, 'accepted', '2026-02-20 10:32:00'),
(23, 6, 'ongoing', '2026-02-20 10:35:00'),
(24, 6, 'completed', '2026-02-20 11:10:00'),
(25, 7, 'requested', '2026-02-25 13:00:00'),
(26, 7, 'accepted', '2026-02-25 13:02:00'),
(27, 7, 'ongoing', '2026-02-25 13:04:00'),
(28, 7, 'completed', '2026-02-25 13:28:00'),
(29, 8, 'requested', '2026-03-01 09:00:00'),
(30, 8, 'accepted', '2026-03-01 09:04:00'),
(31, 8, 'ongoing', '2026-03-01 09:07:00'),
(32, 8, 'completed', '2026-03-01 09:45:00'),
(33, 9, 'requested', '2026-03-05 11:15:00'),
(34, 9, 'accepted', '2026-03-05 11:18:00'),
(35, 9, 'ongoing', '2026-03-05 11:20:00'),
(36, 9, 'completed', '2026-03-05 11:56:00'),
(37, 10, 'requested', '2026-03-10 15:30:00'),
(38, 10, 'accepted', '2026-03-10 15:32:00'),
(39, 10, 'ongoing', '2026-03-10 15:35:00'),
(40, 10, 'completed', '2026-03-10 16:04:00'),
(41, 11, 'requested', '2026-03-15 08:45:00'),
(42, 11, 'accepted', '2026-03-15 08:48:00'),
(43, 11, 'ongoing', '2026-03-15 08:50:00'),
(44, 11, 'completed', '2026-03-15 09:29:00'),
(45, 12, 'requested', '2026-03-20 14:20:00'),
(46, 12, 'accepted', '2026-03-20 14:22:00'),
(47, 12, 'ongoing', '2026-03-20 14:25:00'),
(48, 12, 'completed', '2026-03-20 15:00:00'),
(49, 13, 'requested', '2026-03-25 12:00:00'),
(50, 13, 'accepted', '2026-03-25 12:02:00'),
(51, 13, 'ongoing', '2026-03-25 12:04:00'),
(52, 13, 'completed', '2026-03-25 12:32:00'),
(53, 14, 'requested', '2026-04-01 09:30:00'),
(54, 14, 'accepted', '2026-04-01 09:33:00'),
(55, 14, 'ongoing', '2026-04-01 09:36:00'),
(56, 14, 'completed', '2026-04-01 10:18:00'),
(57, 15, 'requested', '2026-04-05 16:15:00'),
(58, 15, 'accepted', '2026-04-05 16:18:00'),
(59, 15, 'ongoing', '2026-04-05 16:20:00'),
(60, 15, 'completed', '2026-04-05 16:59:00'),
(61, 16, 'requested', '2026-04-10 10:00:00'),
(62, 16, 'accepted', '2026-04-10 10:02:00'),
(63, 16, 'ongoing', '2026-04-10 10:04:00'),
(64, 16, 'completed', '2026-04-10 10:26:00'),
(65, 17, 'requested', '2026-04-15 11:45:00'),
(66, 17, 'accepted', '2026-04-15 11:48:00'),
(67, 17, 'ongoing', '2026-04-15 11:50:00'),
(68, 17, 'completed', '2026-04-15 12:35:00'),
(69, 18, 'requested', '2026-04-20 13:20:00'),
(70, 18, 'accepted', '2026-04-20 13:22:00'),
(71, 18, 'ongoing', '2026-04-20 13:25:00'),
(72, 18, 'completed', '2026-04-20 14:00:00'),
(73, 19, 'requested', '2026-04-25 15:00:00'),
(74, 19, 'accepted', '2026-04-25 15:03:00'),
(75, 19, 'ongoing', '2026-04-25 15:05:00'),
(76, 19, 'completed', '2026-04-25 15:38:00'),
(77, 20, 'requested', '2026-01-28 09:30:00'),
(78, 20, 'accepted', '2026-01-28 09:32:00'),
(79, 20, 'ongoing', '2026-01-28 09:35:00'),
(80, 20, 'completed', '2026-01-28 10:00:00'),
(81, 21, 'requested', '2026-02-08 14:00:00'),
(82, 21, 'accepted', '2026-02-08 14:02:00'),
(83, 21, 'ongoing', '2026-02-08 14:04:00'),
(84, 21, 'completed', '2026-02-08 14:30:00'),
(85, 22, 'requested', '2026-02-18 10:15:00'),
(86, 22, 'accepted', '2026-02-18 10:18:00'),
(87, 22, 'ongoing', '2026-02-18 10:20:00'),
(88, 22, 'completed', '2026-02-18 10:56:00'),
(89, 23, 'requested', '2026-03-08 12:30:00'),
(90, 23, 'accepted', '2026-03-08 12:32:00'),
(91, 23, 'ongoing', '2026-03-08 12:35:00'),
(92, 23, 'completed', '2026-03-08 13:00:00'),
(93, 24, 'requested', '2026-03-18 15:45:00'),
(94, 24, 'accepted', '2026-03-18 15:48:00'),
(95, 24, 'ongoing', '2026-03-18 15:50:00'),
(96, 24, 'completed', '2026-03-18 16:21:00'),
-- Cancelled trips history
(97, 25, 'requested', '2026-01-22 08:30:00'),
(98, 25, 'accepted', '2026-01-22 08:32:00'),
(99, 25, 'cancelled', '2026-01-22 08:40:00'),
(100, 26, 'requested', '2026-02-12 13:00:00'),
(101, 26, 'cancelled', '2026-02-12 13:05:00'),
(102, 27, 'requested', '2026-02-22 14:15:00'),
(103, 27, 'accepted', '2026-02-22 14:17:00'),
(104, 27, 'cancelled', '2026-02-22 14:25:00'),
(105, 28, 'requested', '2026-03-02 09:45:00'),
(106, 28, 'cancelled', '2026-03-02 09:50:00'),
(107, 29, 'requested', '2026-03-12 11:20:00'),
(108, 29, 'accepted', '2026-03-12 11:22:00'),
(109, 29, 'cancelled', '2026-03-12 11:30:00'),
(110, 30, 'requested', '2026-03-22 16:30:00'),
(111, 30, 'cancelled', '2026-03-22 16:35:00'),
(112, 31, 'requested', '2026-04-02 10:00:00'),
(113, 31, 'accepted', '2026-04-02 10:02:00'),
(114, 31, 'cancelled', '2026-04-02 10:10:00'),
(115, 32, 'requested', '2026-04-12 13:45:00'),
(116, 32, 'cancelled', '2026-04-12 13:50:00'),
-- Ongoing trips history
(117, 33, 'requested', '2026-04-28 08:00:00'),
(118, 33, 'accepted', '2026-04-28 08:02:00'),
(119, 33, 'ongoing', '2026-04-28 08:05:00'),
(120, 34, 'requested', '2026-04-28 09:15:00'),
(121, 34, 'accepted', '2026-04-28 09:16:00'),
(122, 34, 'ongoing', '2026-04-28 09:18:00'),
(123, 35, 'requested', '2026-04-28 11:00:00'),
(124, 35, 'accepted', '2026-04-28 11:02:00'),
(125, 35, 'ongoing', '2026-04-28 11:04:00'),
(126, 36, 'requested', '2026-04-28 14:30:00'),
(127, 36, 'accepted', '2026-04-28 14:32:00'),
(128, 36, 'ongoing', '2026-04-28 14:35:00'),
(129, 37, 'requested', '2026-04-28 16:00:00'),
(130, 37, 'accepted', '2026-04-28 16:01:00'),
(131, 37, 'ongoing', '2026-04-28 16:03:00'),
(132, 38, 'requested', '2026-04-28 10:30:00'),
(133, 38, 'accepted', '2026-04-28 10:32:00'),
(134, 38, 'ongoing', '2026-04-28 10:35:00'),
(135, 39, 'requested', '2026-04-28 13:00:00'),
(136, 39, 'accepted', '2026-04-28 13:02:00'),
(137, 39, 'ongoing', '2026-04-28 13:04:00'),
(138, 40, 'requested', '2026-04-28 15:30:00'),
(139, 40, 'accepted', '2026-04-28 15:32:00'),
(140, 40, 'ongoing', '2026-04-28 15:35:00');
